{"sleepTimeout":null,"showSplashAtStartup":false,"annotation":null,"title":null,"friction":0.1,"flyffac":1,"useStereo":false,"stereoSep":0.06,"stereoSepMax":1,"decimate":"1.0","zmin":0.01,"zmax":50000000000,"minPointScale":0.01,"maxPointScale":10,"maxVrange":2000,"showFPS":true,"showMemoryUsage":true,"memoryLimit":2000000000,"streamQuality":1,"GUIExcludeList":[],"collapseGUIAtStart":true,"CDckey":"ColumnDensity","CDlognorm":true,"CDmin":1,"CDmax":10,"scaleCD":0.01,"VideoCapture_duration":5,"VideoCapture_FPS":30,"VideoCapture_filename":"firefly_capture","VideoCapture_format":0,"VideoCapture_formats":[".gif",".png",".jpg"],"showParts":{"Gas":true,"Stars":false,"HRDM":false,"LRDM":false,"__column__density__foo__abg":true},"partsSizeMultipliers":{"Gas":0.3168,"Stars":0.099,"HRDM":1,"LRDM":1},"partsColors":{"Gas":[1,0,0,1],"Stars":[0.3215686274509804,1,0.3254901960784314,1],"HRDM":[0.5,0,0.5,1],"LRDM":[0.5,0,0.5,1]},"plotNmax":{"Gas":8369779,"Stars":1686946,"HRDM":1490740,"LRDM":135019},"showVel":{"Gas":false,"Stars":false,"HRDM":false,"LRDM":false},"velType":{"Gas":"arrow","Stars":"arrow","HRDM":"line","LRDM":"line"},"velVectorWidth":{"Gas":2.16,"Stars":2.12,"HRDM":1,"LRDM":1},"velGradient":{"Gas":1,"Stars":0,"HRDM":0,"LRDM":0},"animateVel":{"Gas":true,"Stars":true,"HRDM":true,"LRDM":true},"animateVelDt":0,"animateVelTmax":1,"fkeys":{"Gas":["log10Density","log10Temperature","GCRadius","Velocity"],"Stars":["AgeGyr","GCRadius","Velocity"],"HRDM":["GCRadius","Velocity"],"LRDM":["GCRadius","Velocity"]},"filterLims":{"Gas":{"None":[0,1],"log10Density":[-15.332209182739257,1.4334201345443724],"log10Temperature":[0.805748628616333,7.645779682159424],"GCRadius":[0.08323382043838501,7971.68801171875],"Velocity":[0.03236069732904434,1324.5785146484375]},"Stars":{"None":[0,1],"AgeGyr":[-0.0008779647066839971,3.5],"GCRadius":[0.011763042002916335,7252.26320703125],"Velocity":[2.506096529006958,805.2696767578125]},"HRDM":{"None":[0,1],"GCRadius":[0,5000],"Velocity":[0.7551659216880798,790.6981435546875]},"LRDM":{"None":[0,1],"GCRadius":[857.1562875976563,75875.84475],"Velocity":[1.6768120994567872,1582.4051748046875]}},"filterVals":{"Gas":{"None":[0,1],"log10Density":[-15.332209182739257,1.4334201345443724],"log10Temperature":[0.805748628616333,7.645779682159424],"GCRadius":[0.08323382043838501,7971.68801171875],"Velocity":[0.03236069732904434,1324.5785146484375]},"Stars":{"None":[0,1],"AgeGyr":[-0.0008779647066839971,3.5],"GCRadius":[0.011763042002916335,7252.26320703125],"Velocity":[2.506096529006958,805.2696767578125]},"HRDM":{"None":[0,1],"GCRadius":[300,5000],"Velocity":[0.7551659216880798,790.6981435546875]},"LRDM":{"None":[0,1],"GCRadius":[857.1562875976563,75875.84475],"Velocity":[1.6768120994567872,1582.4051748046875]}},"invertFilter":{"Gas":{"None":false,"log10Density":false,"log10Temperature":false,"GCRadius":false,"Velocity":false},"Stars":{"None":false,"AgeGyr":false,"GCRadius":false,"Velocity":false},"HRDM":{"None":false,"GCRadius":false,"Velocity":false},"LRDM":{"None":false,"GCRadius":false,"Velocity":false}},"showColormap":{"Gas":false,"Stars":false,"HRDM":false,"LRDM":false,"__column__density__foo__abg":true},"colormap":{"Gas":0.578125,"Stars":0.015625,"HRDM":0.015625,"LRDM":0.015625,"__column__density__foo__abg":0.109375},"ckeys":{"Gas":["log10Density","log10Temperature","GCRadius","Velocity"],"Stars":["AgeGyr","GCRadius","Velocity"],"HRDM":["GCRadius","Velocity"],"LRDM":["GCRadius","Velocity"],"__column__density__foo__abg":["ColumnDensity"]},"colormapLims":{"Gas":{"None":[0,1],"log10Density":[-14.087423873901367,0.7877217063903809],"log10Temperature":[4,5],"GCRadius":[0.09538483077287674,6697.038109375],"Velocity":[50,500]},"Stars":{"None":[0,1],"AgeGyr":[-0.0008779647066839971,13.53409154510498],"GCRadius":[0.011763042002916335,7252.26320703125],"Velocity":[2.506096529006958,805.2696767578125]},"HRDM":{"None":[0,1],"GCRadius":[0.04877169632911682,5014.04348046875],"Velocity":[0.7551659216880798,790.6981435546875]},"LRDM":{"None":[0,1],"GCRadius":[857.1562875976563,75875.84475],"Velocity":[1.6768120994567872,1582.4051748046875]},"__column__density__foo__abg":{"ColumnDensity":[-1,2]}},"colormapVals":{"Gas":{"None":[0,1],"log10Density":[-14.087423873901367,0.7877217063903809],"log10Temperature":[4,5],"GCRadius":[0.09538483077287674,6697.038109375],"Velocity":[50,500]},"Stars":{"None":[0,1],"AgeGyr":[-0.0008779647066839971,13.53409154510498],"GCRadius":[0.011763042002916335,7252.26320703125],"Velocity":[2.506096529006958,805.2696767578125]},"HRDM":{"None":[0,1],"GCRadius":[0.04877169632911682,5014.04348046875],"Velocity":[0.7551659216880798,790.6981435546875]},"LRDM":{"None":[0,1],"GCRadius":[857.1562875976563,75875.84475],"Velocity":[1.6768120994567872,1582.4051748046875]},"__column__density__foo__abg":{"ColumnDensity":[-1,2]}},"colormapVariable":{"Gas":1,"Stars":0,"HRDM":0,"LRDM":0,"__column__density__foo__abg":0},"rkeys":{"Gas":["None","log10Temperature"],"Stars":["None","AgeGyr"],"HRDM":["None"],"LRDM":["None"]},"radiusVariable":{"Gas":0,"Stars":0,"HRDM":0,"LRDM":0},"blendingMode":{"Gas":"additive","Stars":"normal","HRDM":"additive","LRDM":"additive"},"depthTest":{"Gas":false,"Stars":true,"HRDM":false,"LRDM":false},"center":[0,0,0],"camera":[-58.43761610278687,46.86705138785745,-183.7730399221091],"cameraRotation":[-2.891888503414105,-0.29889484475316974,-0.2079676641338775],"cameraUp":[-0.0746358699516601,-0.4785726137884133,-0.8748701276465755],"quaternion":[-0.13780892853326784,0.9739321882805299,0.12028167447048585,-0.134153310187215],"startFly":false,"startVR":false,"startColumnDensity":true,"startTween":false,"loaded":true}