{"center":[0,0,0],"zmin":0.01,"zmax":50000000000,"camera":[23.24053934194427,45.7247546034359,-50.262040669924396],"cameraRotation":[-2.403429228480056,0.3295576247599824,0.20719497887710203],"cameraUp":[-0.11987751103152659,-0.5249434933390513,-0.8426527820816386],"quaternion":[-0.36978537767840225,0.9089735811167421,-0.1540015132356589,0.11536610077563512],"startFly":false,"startVR":false,"startColumnDensity":false,"startTween":false,"friction":0.1,"stereo":false,"stereoSep":0.06,"decimate":"1.0","maxVrange":2000,"minPointScale":0.01,"maxPointScale":10,"showfps":true,"memoryLimit":2000000000,"GUIExcludeList":[],"collapseGUIAtStart":true,"UIparticle":{},"UIdropdown":{},"UIcolorPicker":{},"showParts":{"Gas":true,"Stars":true,"HRDM":false,"LRDM":false},"sizeMult":{"Gas":0.3168,"Stars":0.099,"HRDM":1,"LRDM":1},"color":{"Gas":[0.803921568627451,0,0,1],"Stars":[0.3215686274509804,1,0.3254901960784314,1],"HRDM":[0.5,0,0.5,1],"LRDM":[0.5,0,0.5,1]},"plotNmax":{"Gas":null,"Stars":null,"HRDM":null,"LRDM":null},"showVel":{"Gas":true,"Stars":false,"HRDM":false,"LRDM":false},"velType":{"Gas":"arrow","Stars":"arrow","HRDM":"line","LRDM":"line"},"velVectorWidth":{"Gas":2.16,"Stars":2.12,"HRDM":1,"LRDM":1},"velGradient":{"Gas":1,"Stars":0,"HRDM":0,"LRDM":0},"animateVel":{"Gas":false,"Stars":false,"HRDM":false,"LRDM":false},"animateVelDt":{},"animateVelTmax":{},"filterLims":{"Gas":{"log10Density":[-6.5,0.7877217063903809],"log10Temperature":[4,6.35],"GCRadius":[0.09538483077287674,100],"Velocity":[100,300]},"Stars":{"AgeGyr":[-0.0008779647066839971,3.5],"GCRadius":[0.011763042002916335,7252.26320703125],"Velocity":[2.506096529006958,805.2696767578125]},"HRDM":{"GCRadius":[0,5000],"Velocity":[0.7551659216880798,790.6981435546875]},"LRDM":{"GCRadius":[857.1562875976563,75875.84475],"Velocity":[1.6768120994567872,1582.4051748046875]}},"filterVals":{"Gas":{"log10Density":[-6.5,-2.5],"log10Temperature":[4,6.35],"GCRadius":[0.09538483077287674,100],"Velocity":[173.684,300]},"Stars":{"AgeGyr":[-0.0008779647066839971,3.5],"GCRadius":[0.011763042002916335,7252.26320703125],"Velocity":[2.506096529006958,805.2696767578125]},"HRDM":{"GCRadius":[300,5000],"Velocity":[0.7551659216880798,790.6981435546875]},"LRDM":{"GCRadius":[857.1562875976563,75875.84475],"Velocity":[1.6768120994567872,1582.4051748046875]}},"invertFilter":{"Gas":{"log10Density":false,"log10Temperature":false,"GCRadius":false,"Velocity":false},"Stars":{"AgeGyr":false,"GCRadius":false,"Velocity":false},"HRDM":{"GCRadius":false,"Velocity":false},"LRDM":{"GCRadius":false,"Velocity":false}},"colormapLims":{"Gas":{"log10Density":[-14.087423873901367,0.7877217063903809],"log10Temperature":[4,5],"GCRadius":[0.09538483077287674,6697.038109375],"Velocity":[50,500]},"Stars":{"AgeGyr":[-0.0008779647066839971,13.53409154510498],"GCRadius":[0.011763042002916335,7252.26320703125],"Velocity":[2.506096529006958,805.2696767578125]},"HRDM":{"GCRadius":[0.04877169632911682,5014.04348046875],"Velocity":[0.7551659216880798,790.6981435546875]},"LRDM":{"GCRadius":[857.1562875976563,75875.84475],"Velocity":[1.6768120994567872,1582.4051748046875]}},"colormapVals":{"Gas":{"log10Density":[-14.087423873901367,0.7877217063903809],"log10Temperature":[4,5],"GCRadius":[0.09538483077287674,6697.038109375],"Velocity":[50,500]},"Stars":{"AgeGyr":[-0.0008779647066839971,13.53409154510498],"GCRadius":[0.011763042002916335,7252.26320703125],"Velocity":[2.506096529006958,805.2696767578125]},"HRDM":{"GCRadius":[0.04877169632911682,5014.04348046875],"Velocity":[0.7551659216880798,790.6981435546875]},"LRDM":{"GCRadius":[857.1562875976563,75875.84475],"Velocity":[1.6768120994567872,1582.4051748046875]}},"showColormap":{"Gas":true,"Stars":false,"HRDM":false,"LRDM":false},"colormap":{"Gas":0.578125,"Stars":0.015625,"HRDM":0.015625,"LRDM":0.015625},"colormapVariable":{"Gas":1,"Stars":0,"HRDM":0,"LRDM":0},"blendingMode":{"Gas":"normal","Stars":"normal","HRDM":"additive","LRDM":"additive"},"depthTest":{"Gas":true,"Stars":true,"HRDM":false,"LRDM":false},"radiusVariable":{"Gas":0,"Stars":0,"HRDM":0,"LRDM":0},"loaded":true,"showFPS":true,"showMemoryUsage":true}
